question_id	answer_type	run_count	total_failures	raw_miss_count	pass_a_miss_count	final_miss_count	dominant_bucket
095cb50318776a3b8ef11769cd941775694c194924783ee31109c25e3306600e	free_text	2	2	0	0	2	final_miss
436c12cc4eb26087bd1540f5d47825712632e90b4d5b2bca6c52e3b26151f874	free_text	2	2	0	0	2	final_miss
4fa07316db9a19980de495d2190350cc4b494ae0ab741cda7784e895709719e1	name	2	2	2	0	0	raw_miss
52e9e31a6d7a80a597147115b3d38065da495a41e7c11e797d0a190c9a580bcf	free_text	2	2	0	0	2	final_miss
6c32a091c7108047fabbea4f78137837d79c46a5a864963872cb7035ea9cce0f	number	2	2	0	0	2	final_miss
8de44b7964cdde111c1a33ac4cc13948b7b4e14fd120351fcb5a5bfb2b2dfff0	name	2	2	0	0	2	final_miss
a8813f8f56099bd156b5fe797cc44b061d2a54fb69ca2e748ffb7cc462eaa85e	name	2	2	2	0	0	raw_miss
ad7357a7eb955085f6438dfcaf44324de7fcf88da86c846242e173eacdeebfda	free_text	2	2	0	0	2	final_miss
b9e824da7bc69fa5b2f4e989a4d591d9c5196362cc985f70a9c29e6f710ea817	free_text	2	2	0	0	2	final_miss
be35b591e2e2383879988055e11ebf31df0e145903e04b4e0c6fca1786ff634d	free_text	2	2	0	0	2	final_miss
c2cf8224f1166780b25c77feede37101c514517ed61485c9ae31f6b1eb8c744b	free_text	2	2	0	0	2	final_miss
eeffebf44c689e60729c466dd3fda5e7c2731c84220464c1808ef661452d1de0	free_text	2	2	0	0	2	final_miss
f564b1fd7332944fa826e3af69330b53e8fed018c370dde5b57a8e338d4ecd62	name	2	2	2	0	0	raw_miss
1097af38db84c4d507357bfbdcbbcc1de60a0ccb10752bad8091a75b8f53eb5c	free_text	1	1	0	0	1	final_miss
5cb2e9e631929fec4306d0bf7cbf145bcfe5f29d86eade85178d359852626cbf	boolean	1	1	0	0	1	final_miss
a341025df493b0e6a962fa637e3df6fe053c3de28cb2f5c8eb0814067af32b95	free_text	1	1	0	0	1	final_miss
